seq	pass	suite	subject	start	end	exit	run_dir	log
1	1	r	abcc-e5eef90	2026-09-23T16:18:03+03:00	2026-09-23T17:24:52+03:00	0	runs\w8-1790169483526	runs/a3-20260923-161803/01-r-p1-abcc-e5eef90.log
2	1	r	claudette-af3f804	2026-09-23T17:24:52+03:00	2026-09-23T19:21:08+03:00	0	runs\w8-1790173492995	runs/a3-20260923-161803/02-r-p1-claudette-af3f804.log
3	1	k	abcc-e5eef90	2026-09-23T19:21:08+03:00	2026-09-23T19:29:09+03:00	0	runs\w8-1790180470719	runs/a3-20260923-161803/03-k-p1-abcc-e5eef90.log
4	1	k	claudette-af3f804	2026-09-23T19:29:09+03:00	2026-09-23T19:37:47+03:00	0	runs\w8-1790180949849	runs/a3-20260923-161803/04-k-p1-claudette-af3f804.log
5	2	r	abcc-e5eef90	2026-09-23T19:37:47+03:00	2026-09-23T20:43:25+03:00	0	runs\w8-1790181467895	runs/a3-20260923-161803/05-r-p2-abcc-e5eef90.log
6	2	r	claudette-af3f804	2026-09-23T20:43:25+03:00	2026-09-23T23:19:47+03:00	0	runs\w8-1790185405611	runs/a3-20260923-161803/06-r-p2-claudette-af3f804.log
7	2	k	abcc-e5eef90	2026-09-23T23:19:47+03:00	2026-09-23T23:29:04+03:00	0	runs\w8-1790194789312	runs/a3-20260923-161803/07-k-p2-abcc-e5eef90.log
8	2	k	claudette-af3f804	2026-09-23T23:29:04+03:00	2026-09-23T23:34:13+03:00	0	runs\w8-1790195344485	runs/a3-20260923-161803/08-k-p2-claudette-af3f804.log
9	3	r	abcc-e5eef90	2026-09-23T23:34:13+03:00	2026-09-24T00:36:32+03:00	0	runs\w8-1790195654205	runs/a3-20260923-161803/09-r-p3-abcc-e5eef90.log
10	3	r	claudette-af3f804	2026-09-24T00:36:32+03:00	2026-09-24T02:36:51+03:00	0	runs\w8-1790199392556	runs/a3-20260923-161803/10-r-p3-claudette-af3f804.log
11	3	k	abcc-e5eef90	2026-09-24T02:36:51+03:00	2026-09-24T02:44:40+03:00	0	runs\w8-1790206613617	runs/a3-20260923-161803/11-k-p3-abcc-e5eef90.log
12	3	k	claudette-af3f804	2026-09-24T02:44:40+03:00	2026-09-24T02:52:25+03:00	0	runs\w8-1790207080658	runs/a3-20260923-161803/12-k-p3-claudette-af3f804.log
13	1	q56	abcc-e5eef90	2026-09-24T02:52:25+03:00	2026-09-24T04:01:23+03:00	0	runs\w8-1790207546056	runs/a3-20260923-161803/13-q56-p1-abcc-e5eef90.log
14	1	q56	claudette-af3f804	2026-09-24T04:01:23+03:00	2026-09-24T04:27:17+03:00	0	runs\w8-1790211683440	runs/a3-20260923-161803/14-q56-p1-claudette-af3f804.log
