task	complexity	status	duration_s	error
double	1	passed	23	
negate	1	passed	8	
square	1	passed	7	
greet	2	passed	11	
is_even	2	passed	13	
to_upper	2	passed	8	
absolute	3	passed	8	
max_of_two	3	passed	9	
min_of_three	3	passed	9	
is_leap_year	3	passed	14	
clamp	4	passed	8	
count_vowels	4	passed	8	
reverse_string	4	passed	9	
factorial	4	passed	9	
title_case	4	passed	13	
fizzbuzz_single	5	passed	10	
is_palindrome	5	passed	9	
safe_divide	5	passed	9	
flatten_list	5	failed	83	
truncate	5	passed	75	
sum_of_digits	6	passed	68	
find_second_largest	6	passed	13	
is_prime	6	passed	17	
caesar_cipher	6	passed	14	
unique_sorted	6	passed	11	
fibonacci	7	passed	34	
word_frequency	7	passed	25	
matrix_transpose	7	passed	24	
group_by	7	passed	26	
roman_to_int	7	passed	40	
merge_sorted	8	passed	47	
binary_search	8	passed	34	
run_length_encode	8	passed	41	
power_set	8	passed	31	
balanced_parens	8	passed	35	
stack_class	9	passed	37	
lru_cache	9	passed	56	
rpn_calculator	9	passed	47	
text_stats	9	passed	129	
sorted_linked_list	9	passed	84	
