id,task_id,task_type,complexity,claude_success,local_success,is_different,is_good_example,human_reviewed,created_at
8f582d6e-673b-4786-a316-23dbcdcecefa,47a07bd0-fbd6-435f-a6f0-aff0f0734a46,code,1.5,,t,,f,f,2026-02-06 19:32:12.109
67e32605-f825-4806-826e-312e16e39422,3a56617b-9d47-43f4-b885-1b6a507c7a3c,code,1.5,,t,,f,f,2026-02-06 19:32:22.85
6bacfefe-2a65-4a7a-8afe-74b81080f164,a2756032-4477-42c2-a440-e57c1d45656d,code,1.5,,t,,f,f,2026-02-06 19:32:45.031
b276abdb-5b3d-4838-9ef2-f25c629843ea,2bbf2b03-a4a8-4921-a36f-554b8618dccd,code,1.5,,t,,f,f,2026-02-06 19:33:07.344
6122bb07-3768-43c7-980f-ba2582579508,ebada532-ce60-4b9e-bbc6-3df28145bda2,code,2,,t,,f,f,2026-02-07 15:07:04.728
bb753bde-6c80-4587-a2a9-0d8d90c42bdf,5478a2a3-25fd-40b6-bc48-4bed85012bdc,code,2,,t,,f,f,2026-02-06 19:33:22.848
55a69903-9155-4a34-a81d-ed9a3826bcee,d06afde0-a0f4-47fb-bef3-696b25d7d20c,code,2,,t,,f,f,2026-02-06 19:37:01.369
a1a98ee0-8303-4161-bd67-f70f03014fc2,cd118e5a-4770-4bd6-b648-55678e842f61,code,2,,t,,f,f,2026-02-06 19:37:40.876
b37c1dd2-aa61-4b8b-a9d1-90198d064db5,7dbd14d6-a804-4511-b656-dbcc30f5af95,code,1.5,,t,,f,f,2026-02-06 19:39:10.439
a5cb04ca-e66d-48da-b541-8105e3ea17bf,8f31139c-bf75-4e7b-8e62-9b992d1b0224,code,2,,t,,f,f,2026-02-06 19:39:43.57
050fa3b8-de46-4513-821b-93bfcddc5d27,6f1d2123-e697-4e8a-8633-b4308b565ef5,code,3,,t,,f,f,2026-02-13 11:29:52.112
79213823-cb2a-4252-8254-19ac36e661f0,80321b3b-acd8-45f3-bbc8-9b7e20984462,code,2,,t,,f,f,2026-02-06 19:42:50.487
db4415e8-80f7-414d-8f7d-bada1b147901,8c6e8497-ae5b-4a9a-a181-addd7ae42835,code,1.5,,t,,f,f,2026-02-06 19:43:23.756
72e3d4b7-9f96-49f9-b1fe-51878c92de81,59c763e1-4eab-4b60-85a6-a28b293a470e,code,1.5,,t,,f,f,2026-02-06 19:43:45.355
1e53824e-6b95-4596-ba68-aaeb6daaa63e,5d46b646-adb8-4ae3-8b4f-b117b40197f6,code,2,,t,,f,f,2026-02-06 19:46:32.475
0750993c-bc9d-448c-b90e-fc2ec56d8a4b,d1a3ab9b-4da3-4a08-859f-be8a200569b1,code,3,,t,,f,f,2026-02-13 11:33:04.445
da74409d-735e-40f0-8680-38e8d4cee62e,48077c1b-825b-4e36-9d4f-6e1649117b88,code,1.5,,t,,f,f,2026-02-06 19:47:01.385
d26f6db3-cafe-4c3b-8316-fc2ff7b01654,367676bc-39ec-41e2-bcda-23bc122be799,code,2,,t,,f,f,2026-02-06 19:47:20.193
d2fd3d0f-84d7-4c38-80d0-3e1462599fe4,b7bde1b0-ec33-42f7-ab1c-a602ac89c1db,code,4,,t,,f,f,2026-02-06 19:48:59.698
705751c5-8bcb-4014-a3b7-b6f796a25542,51989eb0-b054-4982-86cc-a2d26a09759a,code,2,,t,,f,f,2026-02-06 19:47:33.326
5977eef3-e5ae-4663-b5d2-f93ce5ba43fc,ecabcb7c-815c-4541-8d6d-fca737e0c7a3,code,2,,t,,f,f,2026-02-06 19:47:57.549
d6afdae2-4e75-4167-b477-3044edfbfe38,d55e97fb-e21e-4dad-9f91-d49688319206,code,1.5,,t,,f,f,2026-02-06 19:48:20.038
04831d30-3f2f-4e7f-8cfe-d7cdf3fc73da,08865074-9e70-4f01-9638-29dca674148c,code,2,,t,,f,f,2026-02-06 19:48:42.428
a674533c-7ae5-4e71-a596-5baf688d7ccc,9621a3e4-c911-42b9-a04c-7f0bcd40da75,code,3,,t,,f,f,2026-02-06 20:52:42.266
8378d2e0-d233-4d76-ba81-b9f48ed84361,19be0f37-dd2a-4c97-80f5-47b4114c7841,code,5.5,,t,,f,f,2026-02-06 20:54:23.064
7319d3cd-3fb5-4eb6-b795-b26cc676c6be,9d80c84d-00c5-4f33-a7c6-71aba09fa63a,code,1.5,,t,,f,f,2026-02-06 20:59:35.984
612227cd-d834-444b-91d6-122f09c960c6,b5cc4f23-e790-4d60-8a48-c674cedd962b,code,1.5,,t,,f,f,2026-02-06 21:00:19.611
c402d976-a5ee-44a1-8972-36f2366361b5,8b10f425-5e90-4ef6-8055-03e0ce3e7e12,code,1.5,,t,,f,f,2026-02-06 21:00:42.691
3a8183a6-c3e2-462e-88c2-d9b6365811ff,3d4a1143-ee74-4508-8a3c-d00d2ebbf6a5,code,1.5,,t,,f,f,2026-02-06 21:00:53.812
a0fa53c4-b6c5-4343-98c4-e36ec5ea0d57,aeb47297-0ef8-40c2-a1c0-7c630224d049,code,2,,t,,f,f,2026-02-06 21:01:36.849
ab3ff5bf-a6b8-409d-b66a-8c187b63841b,808c47cf-a553-4d59-acdf-bee2fce91972,code,2,,t,,f,f,2026-02-06 21:02:04.936
e643caec-c6f5-43b3-878f-77f7b54ac668,d02f3136-acfe-4fb5-89a0-d59414a0dcb8,code,2,,t,,f,f,2026-02-06 21:02:35.737
8167d2e6-e2fc-4c29-ba4a-5a6952c39e0e,74278eee-f0c4-4103-a603-f483583a33ee,code,1.5,,t,,f,f,2026-02-06 21:04:06.604
8bfa4726-2962-4dc6-82c5-94e0ee66c01f,00fbf9f4-06bb-44d7-bb53-2fc9af8f3a4d,code,5,t,,,f,f,2026-02-06 21:08:24.725
79047e7e-ad2b-405a-91fc-0a5fd768119a,6fb4500c-c316-4f3e-a7fd-c4b49f63def0,code,1.5,,t,,f,f,2026-02-13 11:46:33.243
fe046aab-5609-4b0b-b50f-84eb75796234,8531ff94-39ba-4482-a983-a58ade774161,code,5,t,,,f,f,2026-02-06 21:09:19.568
eb4231ee-31eb-4731-a68c-87fb1c96ee7d,c6c375d9-48cf-44d4-a97e-d057f795147f,code,5.5,t,,,f,f,2026-02-06 21:09:29.955
8c3eb15a-d84e-476e-8f29-a3b932629195,847a0753-d6cd-46a9-88a7-27fd5c747d52,code,5,t,,,f,f,2026-02-06 21:09:44.808
52eda7f1-cc75-45da-8810-8e340c6bcbe2,409948b3-0322-4cd5-aa53-a4d71dc2bba0,code,2,,t,,f,f,2026-02-07 11:28:31.505
140cbfb4-35a0-4d00-80e6-dc7da32523e1,bc57b182-864c-45a8-8644-8ef88e8e425b,code,2,,t,,f,f,2026-02-07 11:28:57.823
3ab12a4f-5a8c-47f5-94b1-888fa1ddbec1,73948255-0ba9-4f6b-946b-b0af034e32a8,code,1.5,,t,,f,f,2026-02-07 11:29:10.673
4ef68d65-452e-487d-bf2f-7d1adc7f094f,072d243f-4781-4969-89d7-1e51983104b0,code,2,,t,,f,f,2026-02-07 11:29:35.729
b9fc8941-a58b-4676-a3eb-b883c8bac6ee,1dca5fec-d3cf-476e-ab63-cd2c09b8bb71,code,4,,t,,f,f,2026-02-07 11:29:54.095
63c41177-cb4c-4ba2-adaf-5ca4b7883051,aa60af2a-e036-4e95-ab63-dbd0c24ae4dd,code,1.5,,t,,f,f,2026-02-07 14:53:41.845
e7398a55-b67f-4fc8-902e-445bb42ee746,a8ac446c-320e-4316-8b9b-62a329824eb4,code,1.5,,t,,f,f,2026-02-07 14:56:54.785
d380211a-575e-48c1-a8f1-861127a4e5ce,1038a222-f5a4-4478-a33d-6f8600c39cf9,code,1.5,,t,,f,f,2026-02-07 14:57:06.374
212da620-fa94-4396-8678-514c7249aa21,084ef220-e275-4a6c-b06c-1a260e534ac8,code,1.5,,t,,f,f,2026-02-07 15:00:02.012
f549c338-dff7-4640-aacf-ad1e6cd24ccf,6f1c08c4-4c4d-4b1d-b633-03e4cb19959f,code,2,,t,,f,f,2026-02-07 15:00:49.527
538ce53e-addc-4e98-80c5-f4cb58451c1c,beed8ccf-2c5d-441f-95dd-806b872fe53c,code,2,,t,,f,f,2026-02-07 15:01:17.556
482481dd-dc64-4d2e-bc90-25c8a245c49a,9417edd2-7b5f-49ca-89a5-82d6fee8a352,code,2,,t,,f,f,2026-02-07 15:01:42.401
b4d744fb-466a-4a9c-8526-9b4bbc836775,81e1c774-e480-4e12-8c75-69a7c8c3ef0d,code,1.5,,t,,f,f,2026-02-07 15:01:53.863
7014ed8b-2fae-4082-aba7-529797ada41d,5fa9383e-1a10-40e6-b969-413b49a03701,code,2,,t,,f,f,2026-02-07 15:03:12.031
968bce0d-6261-4f94-8eed-caae8bcee3f4,6e518895-3fd2-4603-9656-84d8d69024ad,code,2,,t,,f,f,2026-02-07 15:03:39.944
efd5b52e-fad1-44ff-9704-9ba653d8947b,1642b735-ead8-4e2f-89a4-2f5e044aa895,code,4,,t,,f,f,2026-02-13 12:10:20.049
5d735735-0fa7-46bb-9beb-926132291543,ef9983a2-ffea-4066-a718-01dfc5d3cb91,code,1.5,,t,,f,f,2026-02-07 15:03:53.566
9d60a796-19ce-4aea-8c8a-8a6f2681078c,55dca8b0-41ac-485a-bd87-c5c7073bc1a1,code,1.5,,t,,f,f,2026-02-07 15:04:38.347
b9d48f23-6243-404d-9f11-5ddcb34ded58,e5e43ce0-c924-4e6e-8024-309237a67457,code,2,,t,,f,f,2026-02-07 15:05:05.657
43694c9b-74ad-4483-8a23-616da613e718,d32011bb-9a16-4348-9df1-0b7570d92386,code,1.5,,t,,f,f,2026-02-07 15:06:06.814
fb3d085e-93a0-47dd-9d1d-adc2aa8d7ba1,02fe5464-ccc8-418c-8722-7301fb22420f,code,2,,t,,f,f,2026-02-07 15:06:39.64
2921aa49-fa80-4505-963a-c94f06b2c149,c7f2d586-beb7-4040-991f-c36846d6682f,code,2,,t,,f,f,2026-02-07 15:09:52.49
dcc9e6d3-d89d-4641-ba8c-4a0a5ca3fa13,70634f1e-2098-42ac-8937-d458ecbf3c7f,code,1.5,,t,,f,f,2026-02-07 15:11:12.566
4d82c84e-4f27-447f-9137-81d66dcb26c6,5d77aefc-529c-4e39-97f6-fac611c88a2d,code,2,,t,,f,f,2026-02-07 15:14:23.161
3cfe90c1-eddd-4d89-8081-d58b1dd93910,c0247a2f-a0c5-4965-805a-f087a661d903,code,4,,t,,f,f,2026-02-07 15:17:40.353
a1d80daf-36f3-462c-896b-513702807c6b,1bc8dc43-cef3-4e43-865e-8ddc202ffca0,code,5,,t,,f,f,2026-02-09 23:51:59.786
be97afb9-710f-45ab-bafc-75fa3105d4f9,6b18d82e-f655-4c00-ac85-11abf52faa17,code,5,,t,,f,f,2026-02-09 23:54:17.025
dfbbe824-93fe-4919-a24b-32242132a72e,ecf0098a-741b-469f-8c82-e2401a286199,code,6,,t,,f,f,2026-02-09 23:55:48.425
7189259d-37d6-40c3-96a1-057c329dc2e4,4721a8cd-2fea-4fbb-98f8-6d5dcca716d7,code,5,,t,,f,f,2026-02-09 23:58:43.353
9c0f8ddd-4c73-4ff7-9329-a07abd91b894,aa254adb-ef85-4523-a55f-e55073ef0cee,code,6,,t,,f,f,2026-02-10 00:02:11.841
1685fb23-7486-48bb-bb63-e48f5ea527b1,aae5fc27-df9e-4137-adb6-b8c6e8caea26,code,6,,t,,f,f,2026-02-12 14:48:19.027
c7a4b089-3e5d-4fb7-ac37-e9176b5c9739,f75a2b1e-60fa-446f-933c-2d3e8566466d,code,5,,t,,f,f,2026-02-12 14:53:05.572
f79dc488-7150-4320-8eaf-a1bc18088f7f,de8cd0e7-1ba6-458a-9702-d3c4fce071af,code,1.5,,t,,f,f,2026-02-12 15:17:07.208
c53b1a9d-e649-4545-9eb8-c4d3ffa478f6,0e912a7f-9b09-48a5-b468-8dff91d3f686,code,4,,t,,f,f,2026-02-12 15:19:14.508
38794658-3962-4b8e-96d3-0837b3eb0727,c310585e-29b5-4667-87c3-54e047363377,code,7,,t,,f,f,2026-02-12 17:39:21.793
475b5b63-feeb-4864-8128-9a7646709ad8,88030ed2-1183-4310-a85b-4479b7f9e2da,code,4.5,,t,,f,f,2026-02-12 16:06:37.876
614bd8dd-802a-4ecd-99c9-668b49420721,956e66fa-23f1-4952-b266-52271af032c1,code,4,,t,,f,f,2026-02-12 16:09:46.718
ac7d2ec2-868c-440b-827c-d11568668d2a,d5bfe13e-68dc-4bdb-ba46-4bf7256bfbbf,code,1.5,,t,,f,f,2026-02-12 16:09:59.496
1cd28570-14f2-4f95-882b-c55528fbbaab,d5c01688-352e-4239-a224-29f66f485010,code,4.5,,t,,f,f,2026-02-12 16:33:32.006
3a8d987d-85d4-484b-ac6b-396deda23387,7b5ab70f-4c76-48fb-bfb4-05881fb29b2b,code,4,,t,,f,f,2026-02-12 16:36:33.676
d89bead3-be20-4b80-87d1-a56e8bf248bd,aa1c1cd7-d01a-470e-8686-251085703a09,code,1.5,,t,,f,f,2026-02-13 12:08:16.88
a66b1b7e-0000-40f5-8a16-3eb12fdfc589,348e7b04-1226-446a-ad52-db8cd967cfd9,code,1.5,,t,,f,f,2026-02-12 16:36:46.276
c93b4d78-0c62-4177-9df6-4838766eb176,a4b682bf-1b35-40fc-afc8-4586122c4ba4,code,4.5,t,,,f,f,2026-02-12 17:35:38.157
90d5dfde-28c7-4d7c-9bb7-35937f321296,598da556-0373-428b-a5ac-20d83ba8de81,code,4.5,,t,,f,f,2026-02-12 17:35:38.302
0f05c213-d387-4809-9c57-a0f5f549e78d,d8dc6e20-c22f-4db9-80cf-943a91a16ff6,code,1.5,,t,,f,f,2026-02-12 17:38:57.983
799d0641-205c-4976-af9f-97f526f2932a,023498d1-7073-4f08-ad9f-0570ff0163a9,code,1.5,,t,,f,f,2026-02-12 17:39:04.739
fca8ac0a-82cb-49be-848d-bf9dcaaa7bee,248dbe27-7702-4e3d-94ee-76fe60374cb0,code,2,,t,,f,f,2026-02-13 12:09:52.101
6e3e589e-9b45-41c0-be70-ea5b2d41f023,5c4e8777-119d-41e3-acf0-411722b5a02c,code,3.5,,t,,f,f,2026-02-13 11:21:38.269
c7a91057-d146-4cef-8cb2-7b413c38e42c,1012d0d2-dff7-467f-9a21-f8c7b0924075,code,4,,t,,f,f,2026-02-13 11:21:53.892
0c1d1984-114e-466d-8c59-8b9fe9a1d106,eb17b408-aba9-4859-9bfa-5e89104bfffa,code,4,,t,,f,f,2026-02-13 11:25:51.927
f0e5a09f-7951-401e-8dcc-eccce9badc86,67a94aa5-3189-4c68-8566-6b8a4fae7546,code,4,,t,,f,f,2026-02-13 11:26:01.747
2324b3cd-8df4-4527-837c-45956fee70ee,f558af5d-25ba-479e-8e8b-90a8aaa1ce79,code,4,,t,,f,f,2026-02-13 11:26:30.32
1f79b6f0-2322-45a9-8518-4304c5f1044f,9dfb7c24-167b-482f-a929-22211c91e398,code,3,,t,,f,f,2026-02-13 11:46:57.066
cd425ec3-2e0b-4288-9139-979aee6aa405,c544138c-7b9c-4074-9390-7563f48d3dfd,code,3,,t,,f,f,2026-02-13 11:47:52.008
fa1fcb74-c2fc-476c-8c17-79ebc6bda435,e5d0cdaa-0921-42ae-b7ea-d83faeb4156e,code,3,,t,,f,f,2026-02-13 11:50:47.785
69d3f92a-73df-46b1-b9cc-de6af1fbbea8,c709783c-1f03-4937-9b49-fdd6f3c2fcb3,code,3,,t,,f,f,2026-02-13 11:47:30.307
e0770252-233a-43b7-9dc3-27ca7efcbc46,69d8d66c-77b2-4250-9dc8-c52fbbe15c67,code,3,,t,,f,f,2026-02-13 11:54:17.365
8c1954ba-a182-4b4d-bc8f-7e613805bd69,bd725b15-8f05-48c1-86ee-566821f22c69,code,2,,t,,f,f,2026-02-13 11:54:35.294
269df7a4-7167-4cbd-b575-2f7353a66997,d7dc224c-013a-4cc1-98e8-a39f062f266b,code,3.5,,t,,f,f,2026-02-13 11:54:55.777
93d4be5d-b09b-4a24-baec-51b3b9e7a5e5,77dc4b56-eb73-4241-b51c-290cbb175d6a,code,3.5,,t,,f,f,2026-02-13 11:55:54.282
f1a9d100-8a40-4e7d-acc1-9578087758d9,476561aa-39d6-444e-a0b1-f0888b9ddb4c,code,2,,t,,f,f,2026-02-13 12:02:03.067
2c7defde-9b69-4101-abd2-8ffcf245938e,103a6302-b032-460d-a216-d9845407b8ce,code,2,,t,,f,f,2026-02-13 12:02:26.235
2a068bfa-df8d-4ef0-9768-541e224fe6b8,6790e431-4fc3-4003-a73d-2cac2f38c999,code,1.5,,t,,f,f,2026-02-13 12:02:43.811
396d5b48-f558-4297-a9a2-ff9937aa009e,b2e8c360-37e0-4c79-b8b1-86cc0b38a798,code,1.5,,t,,f,f,2026-02-13 12:03:08.323
7ade5344-fb0f-4494-883d-680b92ae323d,911cf95c-65d0-4a50-b75d-bfc9021c5fc2,code,2,,t,,f,f,2026-02-13 12:06:20.612
6b230222-ea13-469d-9279-bcf69293ab8a,14ffcfce-6592-4219-a7fa-d5740f42b7eb,code,1.5,,t,,f,f,2026-02-13 12:06:44.785
79301e25-691b-4e1d-914d-a887b8b8adef,2cce2e00-74ff-4421-8bdb-bcb5b6990c3c,code,2,,t,,f,f,2026-02-13 12:07:12.595
f9745bd3-4f21-4349-94c2-bfb1ed1913d3,05af568c-271f-4852-9c94-e7fd98bcba8c,code,2,,t,,f,f,2026-02-13 12:07:41.802
a3e0dd15-ff71-4b21-9137-fc106a4949e0,ca8166de-d217-4363-8c76-908c61fdb51b,code,2,,t,,f,f,2026-02-13 12:07:53.942
515c9351-81df-4bd1-97bb-63ac2f71b971,330dcf27-8d11-4270-9961-50b9f18dfd67,code,1.5,,t,,f,f,2026-02-13 13:05:41.102
e91c8a68-8b34-4d5f-8ece-6d893f20bccd,ca91b666-1665-4e4a-ae0a-c66abd413953,code,1.5,,t,,f,f,2026-02-13 13:05:53.075
51a3db42-9a68-4e8f-a29a-55fc4db0da40,e7fe4144-dbb4-4c1c-acf5-5442f30a6806,code,1.5,,t,,f,f,2026-02-13 13:06:05.524
b5a2c9bc-8ff3-4b08-be0c-fc71bb8773ab,f7f88198-7fa6-49ed-97a2-e0f369dbc6f3,code,1.5,,t,,f,f,2026-02-13 13:06:20.624
eeb18c74-0ddc-46f1-80e9-27d80c6ead75,20dc51ff-c823-4f2f-885b-da6c8c8abe94,code,2,,t,,f,f,2026-02-13 13:06:34.306
bb60d134-3c86-42e7-922d-4baa35c92061,b90aca7c-67a1-4da0-a771-ba1177190299,code,2.5,,t,,f,f,2026-02-13 13:06:55.965
b347ceb6-060e-4735-9caf-d589d39ee871,76276ac4-f51c-419f-894d-160614e8b4a7,code,2.5,,t,,f,f,2026-02-13 13:07:14.541
84e7fdf7-7520-42ad-93fd-0c1ad00c6212,7dda3951-a206-43cc-b777-481409aab787,code,2,,t,,f,f,2026-02-13 13:07:36.851
a9f87038-b23e-44ed-bf08-7c5b4643b71e,20e082ac-3d06-4f13-9abe-1d998e679d14,code,2,,t,,f,f,2026-02-13 13:07:57.327
fa397128-65a2-4fc5-b819-c0aa21c21b35,ffb03d46-e6e5-47be-979f-bebdb7071a8d,code,2.5,,t,,f,f,2026-02-13 13:08:15.23
0cc1d9f4-a36c-4bf3-9a0e-a85bdfa9438a,653ff79d-f3bd-4e42-90b2-219a227a063c,code,2.5,,t,,f,f,2026-02-13 13:08:42.413
c890bcc1-53da-4051-8df0-6e5bf7d20640,0bd32b96-79ab-4ca6-b503-e1d6b781ac55,code,2.5,,t,,f,f,2026-02-13 13:09:15.266
afe25bfb-0526-43a8-8e23-fae3bd2d84df,97f94c83-9c2f-4b00-be57-a0d92ac01bf9,code,2,,t,,f,f,2026-02-13 13:09:31.479
919a5f7b-5f0b-4bc7-a698-81864c008d94,c69bd97d-79d8-4d53-aba4-e8d244a483ce,code,2.5,,t,,f,f,2026-02-13 13:11:08.286
632bf717-7b45-4b80-837c-232524a2aabf,c2dc4358-2b7c-4a29-a78b-1b9ae90aada1,code,2.5,,t,,f,f,2026-02-13 13:08:58.675
9ac48dd6-52e1-411d-8ecd-c8cfc0440a20,2c620002-dbae-411c-b705-4132969172a6,code,2.5,,t,,f,f,2026-02-13 13:09:51.742
e2ba507b-f224-4f91-8781-e56dc5230294,d691b5cc-ee95-468c-a7b3-b1fc7dddacb6,code,2.5,,t,,f,f,2026-02-13 13:10:12.55
80601816-9a80-4e07-b356-4584df70f64b,51e1806c-04a2-4ec9-9269-d6b37791d7b2,code,2.5,,t,,f,f,2026-02-13 13:10:29.464
88a595da-b152-495f-80d2-1afb7376a765,1f6c5948-f701-484f-9f53-442ad4f0568b,code,2,,t,,f,f,2026-02-13 13:10:44.396
8282f53e-2a30-4e52-aa63-fe856b6427b8,7380129e-43fc-4faf-bc35-4980f8aef58d,code,4.5,,t,,f,f,2026-02-13 13:11:26.601
58941c06-8f2d-4bb9-90f3-25f09099d35b,4787668d-3ffd-4c72-b0dd-141b4696e4e7,code,1.5,,t,,f,f,2026-02-13 13:32:14.999
c8eb9328-f32f-4b8f-940e-334012fe99cb,4145da05-bb58-4e6e-b175-3137923324e5,code,1.5,,t,,f,f,2026-02-13 13:32:27.614
5c2480f0-7151-4ff9-b5c8-c03bf16f9861,1578fe0f-6fef-4801-a01d-634228335dbf,code,1.5,,t,,f,f,2026-02-13 13:32:40.311
050a9296-f42f-43a8-a97a-e3a5388f2025,6f18b78e-7163-4b72-8c10-05fcdede899f,code,1.5,,t,,f,f,2026-02-13 13:32:52.715
53e25445-b8dd-4d2e-a391-2200b4ef56b4,67674ed8-5076-44fa-af64-af531300e040,code,1.5,,t,,f,f,2026-02-13 13:33:09.958
cc348866-8fce-4b02-a1c7-3d5ffe35cc18,1872a4af-edb3-462b-928e-87175cffb989,code,1.5,,t,,f,f,2026-02-13 13:33:29.272
66ab73cc-bc16-43c2-a1cd-98741072730b,7ddb1664-c49f-4149-b1d0-bdbc66d3e8d9,code,2.5,,t,,f,f,2026-02-13 13:33:44.348
5e382f8d-d013-4d31-bc6c-94c48ab4e22d,9b0cfc25-7061-46d3-8638-536e187036b3,code,2,,t,,f,f,2026-02-13 13:34:10.399
9fc75486-2835-4339-aebd-9758206117e5,5bcb439c-5e4c-45f2-9f0f-3a4f71faad1b,code,2,,t,,f,f,2026-02-13 13:34:30.111
1ba28a47-c367-4801-8ad9-70dae1a751e5,e7867f5d-9660-4195-9b86-8878a91b0493,code,2,,t,,f,f,2026-02-13 13:34:49.293
6a7fb56c-1c55-4718-8798-dc8e8aa206d7,35a6904b-f51e-4605-9755-48d65f4cfc34,code,2.5,,t,,f,f,2026-02-13 13:35:11.238
6cf93140-63ab-4d9e-9fea-f8514621e477,35e9e553-c806-4378-927e-51e51215eba4,code,1.5,,t,,f,f,2026-02-13 13:35:29.764
2ec3ed20-31a2-4d42-9c16-29df2ad5a04f,e0bf0981-f108-4a2f-bc96-299c5949e852,code,2,,t,,f,f,2026-02-13 13:35:44.162
f4a50bf7-fe62-4368-838c-3dfaaa147fce,639b0f23-2b4b-4c1c-a1b7-9635199403b8,code,2,,t,,f,f,2026-02-13 13:35:58.099
9bfa6731-6c49-4a5c-8370-888d515fdeb2,1052aeb5-1a94-4760-96cf-f0c12f887a58,code,2,,t,,f,f,2026-02-13 13:36:42.916
8beb18ae-9b31-4aaf-ac80-b4ca00036a6b,fe6dde2e-aaa2-4f41-8260-be9a3cc7daa3,code,2.5,,t,,f,f,2026-02-13 13:37:06.199
84e7de72-819a-4c0e-a4b1-4b92bfdc044a,28a66519-b461-43cb-8f60-a5dafa7f7049,code,2.5,,t,,f,f,2026-02-13 13:37:21.194
8ee3f8e4-d92d-4d15-abd5-2e015d721cb7,d943572a-f285-4c4d-a783-030487f397ae,code,2,,t,,f,f,2026-02-13 13:37:46.008
cc824868-d38a-4889-86d4-986bc84be2e8,93eb04eb-c100-4f9a-9703-6cd817bd6d0e,code,2.5,,t,,f,f,2026-02-13 13:38:05.109
ce51c92b-b703-4983-90da-147231035bbb,511967cc-aba3-4bb7-9218-d9dafe89ffbd,code,4.5,,t,,f,f,2026-02-13 13:39:13.491
5707cf24-d650-4589-802e-0f4d0a82410d,9680d2b1-17d1-48e6-9bf1-a2d7da3fe2c0,code,3,,t,,f,f,2026-02-14 20:05:22.223
43f1ebc8-6a35-4be5-a238-0aa41e893a31,f401a6ad-3987-45bb-81b4-9ef0a75945f4,code,1.5,,t,,f,f,2026-02-14 20:09:28.392
bf02eaa4-ed35-40f9-81a1-c9c4d91309ce,0e2fa033-e45a-4976-9463-7727926de6d7,code,1.5,,t,,f,f,2026-02-14 20:10:07.251
e93f201f-f1dd-4e09-a2b2-0b513fb02041,6a54c2b9-14df-4485-bf7a-1ade22d7b311,code,1.5,,t,,f,f,2026-02-14 20:10:27.164
4718808f-d821-4a72-9c5f-2043b89917b4,fa3037ca-d8bc-4937-a1b9-b4ce79864229,code,2,,t,,f,f,2026-02-14 20:16:29.092
a27f96be-3dff-4dcb-9584-ae4a3f1972cb,4ff0e004-7238-4c54-be96-36fd84046338,code,2,,t,,f,f,2026-02-14 20:17:27.908
5ceae298-73a6-4322-a479-b9d651b1b1d9,ed6d8f03-c355-4508-91a7-4e5b3fb73763,code,2,,t,,f,f,2026-02-14 20:17:57.77
