complexity	task	description	validation_command
1	double	Create tasks/c1_double.py with: def double(n): return n * 2	from tasks.c1_double import double; assert double(5)==10; print('PASS')
1	negate	Create tasks/c1_negate.py with: def negate(n): return -n	from tasks.c1_negate import negate; assert negate(5)==-5; print('PASS')
1	square	Create tasks/c1_square.py with: def square(n): return n * n	from tasks.c1_square import square; assert square(4)==16; assert square(-3)==9; print('PASS')
2	greet	Create tasks/c2_greet.py with: def greet(name): return f'Hello, {name}!'	from tasks.c2_greet import greet; assert greet('World')=='Hello, World!'; print('PASS')
2	is_even	Create tasks/c2_is_even.py with: def is_even(n): return n % 2 == 0	from tasks.c2_is_even import is_even; assert is_even(4)==True; assert is_even(3)==False; print('PASS')
2	to_upper	Create tasks/c2_to_upper.py with: def to_upper(s): return s.upper()	from tasks.c2_to_upper import to_upper; assert to_upper('hello')=='HELLO'; print('PASS')
3	absolute	Create tasks/c3_absolute.py with function absolute(n) that returns the absolute value without using abs()	from tasks.c3_absolute import absolute; assert absolute(-5)==5; assert absolute(3)==3; print('PASS')
3	max_of_two	Create tasks/c3_max_of_two.py with function max_of_two(a, b) that returns the larger number	from tasks.c3_max_of_two import max_of_two; assert max_of_two(3,7)==7; assert max_of_two(10,2)==10; print('PASS')
3	min_of_three	Create tasks/c3_min_of_three.py with function min_of_three(a, b, c) that returns the smallest of three numbers without using min()	from tasks.c3_min_of_three import min_of_three; assert min_of_three(3,1,2)==1; assert min_of_three(5,5,5)==5; print('PASS')
3	is_leap_year	Create tasks/c3_leap_year.py with function is_leap_year(year) that returns True if year is a leap year (divisible by 4, except centuries unless divisible by 400)	from tasks.c3_leap_year import is_leap_year; assert is_leap_year(2000)==True; assert is_leap_year(1900)==False; assert is_leap_year(2024)==True; assert is_leap_year(2023)==False; print('PASS')
4	clamp	Create tasks/c4_clamp.py with function clamp(value, min_val, max_val) that restricts value to the range [min_val, max_val]	from tasks.c4_clamp import clamp; assert clamp(5,0,10)==5; assert clamp(-5,0,10)==0; assert clamp(15,0,10)==10; print('PASS')
4	count_vowels	Create tasks/c4_count_vowels.py with function count_vowels(s) that counts vowels (aeiouAEIOU) in a string	from tasks.c4_count_vowels import count_vowels; assert count_vowels('hello')==2; assert count_vowels('AEIOU')==5; print('PASS')
4	reverse_string	Create tasks/c4_reverse.py with function reverse_string(s) that reverses a string without using [::-1]	from tasks.c4_reverse import reverse_string; assert reverse_string('hello')=='olleh'; print('PASS')
4	factorial	Create tasks/c4_factorial.py with function factorial(n) that returns n! using a loop	from tasks.c4_factorial import factorial; assert factorial(5)==120; assert factorial(0)==1; print('PASS')
4	title_case	Create tasks/c4_title_case.py with function title_case(s) that capitalizes the first letter of each word in a string	from tasks.c4_title_case import title_case; assert title_case('hello world')=='Hello World'; assert title_case('foo bar baz')=='Foo Bar Baz'; print('PASS')
5	fizzbuzz_single	Create tasks/c5_fizzbuzz.py with function fizzbuzz(n) that returns 'Fizz' if n divisible by 3, 'Buzz' if by 5, 'FizzBuzz' if both, else str(n)	from tasks.c5_fizzbuzz import fizzbuzz; assert fizzbuzz(15)=='FizzBuzz'; assert fizzbuzz(9)=='Fizz'; assert fizzbuzz(10)=='Buzz'; assert fizzbuzz(7)=='7'; print('PASS')
5	is_palindrome	Create tasks/c5_palindrome.py with function is_palindrome(s) that checks if string is same forwards and backwards (case insensitive, ignore spaces)	from tasks.c5_palindrome import is_palindrome; assert is_palindrome('racecar')==True; assert is_palindrome('A man a plan a canal Panama')==True; assert is_palindrome('hello')==False; print('PASS')
5	safe_divide	Create tasks/c5_safe_divide.py with function safe_divide(a, b) that returns a/b or None if b is 0	from tasks.c5_safe_divide import safe_divide; assert safe_divide(10,2)==5; assert safe_divide(10,0) is None; print('PASS')
5	flatten_list	Create tasks/c5_flatten.py with function flatten(nested) that flattens a list one level deep. Example: flatten([[1,2],[3,[4]]]) returns [1,2,3,[4]]	from tasks.c5_flatten import flatten; assert flatten([[1,2],[3,4]])==[1,2,3,4]; assert flatten([[1],[2],[3]])==[1,2,3]; assert flatten([1,[2,3]])==[1,2,3]; print('PASS')
5	truncate	Create tasks/c5_truncate.py with function truncate(s, max_len) that truncates string s to max_len characters, adding '...' if truncated. If s is shorter than max_len, return s unchanged.	from tasks.c5_truncate import truncate; assert truncate('Hello World', 5)=='He...'; assert truncate('Hi', 10)=='Hi'; assert truncate('abcdef', 6)=='abcdef'; print('PASS')
6	sum_of_digits	Create tasks/c6_sum_digits.py with function sum_of_digits(n) that returns sum of all digits in an integer (handle negative numbers)	from tasks.c6_sum_digits import sum_of_digits; assert sum_of_digits(123)==6; assert sum_of_digits(-456)==15; print('PASS')
6	find_second_largest	Create tasks/c6_second_largest.py with function find_second_largest(numbers) that returns the second largest unique number in a list	from tasks.c6_second_largest import find_second_largest; assert find_second_largest([1,3,5,7,9])==7; assert find_second_largest([5,5,5]) is None; print('PASS')
6	is_prime	Create tasks/c6_is_prime.py with function is_prime(n) that returns True if n is a prime number	from tasks.c6_is_prime import is_prime; assert is_prime(17)==True; assert is_prime(4)==False; assert is_prime(2)==True; assert is_prime(1)==False; print('PASS')
6	caesar_cipher	Create tasks/c6_caesar.py with function caesar_encrypt(text, shift) that shifts each letter by shift positions (wrap around z to a). Only shift letters, leave other characters unchanged. Handle uppercase and lowercase.	from tasks.c6_caesar import caesar_encrypt; assert caesar_encrypt('abc', 1)=='bcd'; assert caesar_encrypt('xyz', 3)=='abc'; assert caesar_encrypt('Hello!', 13)=='Uryyb!'; print('PASS')
6	unique_sorted	Create tasks/c6_unique_sorted.py with function unique_sorted(lst) that returns a new list with duplicates removed AND sorted in ascending order	from tasks.c6_unique_sorted import unique_sorted; assert unique_sorted([3,1,2,3,1])==[1,2,3]; assert unique_sorted([5,5,5])==[5]; assert unique_sorted([])==[]; print('PASS')
7	fibonacci	Create tasks/c7_fibonacci.py with function fibonacci(n) that returns a list of first n Fibonacci numbers	from tasks.c7_fibonacci import fibonacci; assert fibonacci(7)==[0,1,1,2,3,5,8]; assert fibonacci(1)==[0]; print('PASS')
7	word_frequency	Create tasks/c7_word_freq.py with function word_frequency(text) that returns a dict of word counts (lowercase, split on spaces)	from tasks.c7_word_freq import word_frequency; r = word_frequency('the cat and the dog'); assert r['the']==2; assert r['cat']==1; print('PASS')
7	matrix_transpose	Create tasks/c7_transpose.py with function transpose(matrix) that transposes a 2D list (swap rows and columns). Example: transpose([[1,2],[3,4],[5,6]]) returns [[1,3,5],[2,4,6]]	from tasks.c7_transpose import transpose; assert transpose([[1,2],[3,4],[5,6]])==[[1,3,5],[2,4,6]]; assert transpose([[1]])==[[1]]; print('PASS')
7	group_by	Create tasks/c7_group_by.py with function group_by(items, key_func) that groups items into a dict where keys are results of key_func and values are lists of matching items	from tasks.c7_group_by import group_by; r = group_by([1,2,3,4,5,6], lambda x: x % 2); assert r[0]==[2,4,6]; assert r[1]==[1,3,5]; print('PASS')
7	roman_to_int	Create tasks/c7_roman.py with function roman_to_int(s) that converts a Roman numeral string to integer. Handle subtractive notation (IV=4, IX=9, XL=40, XC=90, CD=400, CM=900).	from tasks.c7_roman import roman_to_int; assert roman_to_int('III')==3; assert roman_to_int('IV')==4; assert roman_to_int('IX')==9; assert roman_to_int('MCMXCIV')==1994; print('PASS')
8	merge_sorted	Create tasks/c8_merge_sorted.py with function merge_sorted(list1, list2) that merges two sorted lists into one sorted list using the two-pointer technique (do NOT just concatenate and sort)	from tasks.c8_merge_sorted import merge_sorted; assert merge_sorted([1,3,5],[2,4,6])==[1,2,3,4,5,6]; print('PASS')
8	binary_search	Create tasks/c8_binary_search.py with function binary_search(arr, target) that returns index of target in sorted array, or -1 if not found	from tasks.c8_binary_search import binary_search; assert binary_search([1,2,3,4,5],3)==2; assert binary_search([1,2,3,4,5],6)==-1; print('PASS')
8	run_length_encode	Create tasks/c8_rle.py with function rle_encode(s) that performs run-length encoding. Example: rle_encode('aaabbc') returns 'a3b2c1'	from tasks.c8_rle import rle_encode; assert rle_encode('aaabbc')=='a3b2c1'; assert rle_encode('aaa')=='a3'; assert rle_encode('abc')=='a1b1c1'; print('PASS')
8	power_set	Create tasks/c8_power_set.py with function power_set(s) that returns all subsets of a list. Example: power_set([1,2]) returns [[], [1], [2], [1,2]]	from tasks.c8_power_set import power_set; r = power_set([1,2]); assert sorted([sorted(x) for x in r])==sorted([sorted(x) for x in [[],[1],[2],[1,2]]]); assert len(power_set([1,2,3]))==8; print('PASS')
8	balanced_parens	Create tasks/c8_parens.py with function is_balanced(s) that checks if parentheses/brackets/braces in string are balanced. Handle (), [], {} including nesting.	from tasks.c8_parens import is_balanced; assert is_balanced('([]){}')==True; assert is_balanced('([)]')==False; assert is_balanced('')==True; assert is_balanced('(((')==False; print('PASS')
9	stack_class	Create tasks/c9_stack.py with a Stack class that has: push(item), pop() returning item or None if empty, peek() returning top item or None, size() returning count, and is_empty() returning bool	from tasks.c9_stack import Stack; s=Stack(); assert s.is_empty()==True; s.push(1); s.push(2); assert s.peek()==2; assert s.size()==2; assert s.pop()==2; assert s.pop()==1; assert s.pop() is None; print('PASS')
9	lru_cache	Create tasks/c9_lru.py with an LRUCache class. Constructor takes capacity (int). Methods: get(key) returns value or -1 if not found, put(key, value) inserts/updates and evicts least recently used if over capacity. Use a dict and a list to track order.	from tasks.c9_lru import LRUCache; c=LRUCache(2); c.put(1,1); c.put(2,2); assert c.get(1)==1; c.put(3,3); assert c.get(2)==-1; assert c.get(3)==3; print('PASS')
9	rpn_calculator	Create tasks/c9_rpn.py with function rpn_calc(expression) that evaluates a Reverse Polish Notation expression. Input is a string of space-separated tokens. Support +, -, *, / operators. Return the result as a float. Example: rpn_calc('3 4 +') returns 7.0	from tasks.c9_rpn import rpn_calc; assert rpn_calc('3 4 +')==7.0; assert rpn_calc('5 1 2 + 4 * + 3 -')==14.0; assert rpn_calc('10 2 /')==5.0; print('PASS')
9	text_stats	Create tasks/c9_text_stats.py with a TextStats class. Constructor takes a string of text. Methods: word_count() returns number of words, char_count() returns number of non-space characters, most_common_word() returns the most frequently occurring word (lowercase). Split on spaces.	from tasks.c9_text_stats import TextStats; t=TextStats('the cat and the dog'); assert t.word_count()==5; assert t.char_count()==15; assert t.most_common_word()=='the'; print('PASS')
9	sorted_linked_list	Create tasks/c9_linked_list.py with two classes. Node class with value and next attributes. SortedList class with: insert(value) that inserts in sorted ascending order, to_list() that returns a Python list of all values, length() that returns the count of nodes.	from tasks.c9_linked_list import SortedList; s=SortedList(); s.insert(3); s.insert(1); s.insert(2); assert s.to_list()==[1,2,3]; assert s.length()==3; s.insert(0); assert s.to_list()==[0,1,2,3]; print('PASS')
