output_slug	mission_id	mission	total_rounds	gate_passed	gate_score	compile_passed	autofix_count	independence_score	independence_grade
build-a-fast-rust-cli-that-7e91669a	7e91669a-18bb-4449-9079-afa42a3e0846	Build a fast Rust CLI that pretty-prints JSON with syntax highlighting and --no-color flag	3	True	9.64	True	0	6.375	C
build-a-fast-rust-cli-that-98b385c6	98b385c6-35b2-4430-aba1-822539658ec4	Build a fast Rust CLI that pretty-prints JSON with syntax highlighting and --no-color flag	2	True	9.8	True	0	0.0	C+
build-a-fast-rust-cli-that-ac47a2dc	ac47a2dc-650c-4b6f-a4b0-1a5e43f175f1	Build a fast Rust CLI that pretty-prints JSON with syntax highlighting and --no-color flag	1	True	9.4800005	True	0	6.875	C+
build-a-fast-rust-cli-that-e415bfab	e415bfab-bb20-4dd9-8da8-810bab8aab6b	Build a fast Rust CLI that pretty-prints JSON with syntax highlighting and --no-color flag	1	True	9.78	True	0	7.1	B-
build-a-fast-rust	24d5f35a-78e4-48a8-983a-b04181d4142f	Build a fast Rust CLI that pretty-prints JSON with syntax highlighting and --no-color flag	2	True	9.68	True	0		
build-a-mini-autonomous-coding-agent-6b21c20c	6b21c20c-d8a8-4ee3-b607-95900976b065	Build a mini autonomous coding agent framework in Rust called mini-claw with plan, generate, verify loop	5	False	9.219999	False	3	0.0	D
build-a-mini-autonomous	90f49a91-7d10-4ba1-bda8-a8727cb330e9	Build a mini autonomous coding agent framework in Rust called mini-claw with plan, generate, verify loop	5	False	9.620001	False	0		
build-a-minimal-peer-to-peer-file-sync-f9e78920	f9e78920-3b07-44d1-ab22-6fd36d9e6659	Build a minimal peer-to-peer file sync tool with UDP discovery, E2E encryption, and vector clocks	2	True	9.120001	True	0	0.0	B-
build-a-minimal-peer-to-peer	6ccf127a-dfcd-48e2-8215-6e1f56c2b0e8	Build a minimal peer-to-peer file sync tool with UDP discovery, E2E encryption, and vector clocks	5	False	8.960001	False	38		
build-a-production-ready-todo-rest-api-314a6d53	314a6d53-b4c2-44fc-a635-5a8692d79405	Build a production-ready Todo REST API in Rust using Axum + SQLite with full CRUD and basic auth	5	False	9.08	False	0		
build-a-production-ready-todo-rest-api-5f06c64c	5f06c64c-3133-4706-a123-4c6b4b76c56e	Build a production-ready Todo REST API in Rust using Axum + SQLite with full CRUD and basic auth	1	True	9.66	True	0		
build-a-production-ready-todo-rest-api-65a96dbd	65a96dbd-024f-49c8-a24d-13fcb862c17a	Build a production-ready Todo REST API in Rust using Axum + SQLite with full CRUD and basic auth	5	False	9.68	False	2	4.5	D
build-a-production-ready-todo-rest-api-75a60386	75a60386-037f-4384-8cab-44967e701f3d	Build a production-ready Todo REST API in Rust using Axum + SQLite with full CRUD and basic auth	5	False	9.339999	False	0	0.0	D
build-a-production-ready-todo-rest-api-8df696e3	8df696e3-3960-47e6-a304-9cc279f95b73	Build a production-ready Todo REST API in Rust using Axum + SQLite with full CRUD and basic auth	1	True	9.78	True	0		
build-a-production-ready-todo-rest-api-ac2de419	ac2de419-6bfe-442e-be0f-481acbc1c849	Build a production-ready Todo REST API in Rust using Axum + SQLite with full CRUD and basic auth	5	False	9.72	False	0	4.8250003	D
build-a-production-ready-todo-rest-api-dbfc352a	dbfc352a-1317-466d-8a97-ca1193f52ddf	Build a production-ready Todo REST API in Rust using Axum + SQLite with full CRUD and basic auth	4	True	9.7	True	0		
build-a-production-ready-todo-rest-api-f86a7e47	f86a7e47-badc-479d-b83e-a80bb193fe3c	Build a production-ready Todo REST API in Rust using Axum + SQLite with full CRUD and basic auth	5	False	9.34	False	0		
build-a-production-ready-todo-rest-api-ff6f1ae5	ff6f1ae5-ce6a-4ba4-92b3-7004e0f1f449	Build a production-ready Todo REST API in Rust using Axum + SQLite with full CRUD and basic auth	3	True	9.64	True	3	7.0400004	B-
build-a-production-ready-todo	ecca8d37-d4ef-4107-b3a7-82217615af8c	Build a production-ready Todo REST API in Rust using Axum + SQLite with full CRUD and basic auth	3	True	9.719999	True	4		
build-a-rust-cli	579bb2d2-cb9c-490f-b1d6-7dba55ae77ad	Build a Rust CLI secretary assistant called 'hi-there-i-am' with: 1) A ratatui-based TUI with chat interface, 2) Tool calling system that can read/write file	5	False	9.02	False	0	0.0	F
build-a-simple-rust-cli-temperature-016c5961	016c5961-61a5-472c-af7a-cf64ea5dc0dc	Build a simple Rust CLI temperature converter between Celsius, Fahrenheit, and Kelvin with colored output and unit tests	2	True	9.76	True	0	7.72	B
build-a-simple-rust-cli-temperature-10823485	10823485-4ce6-4f6f-a6f5-e6d3c4220421	Build a simple Rust CLI temperature converter between Celsius, Fahrenheit, and Kelvin with colored output and unit tests	2	True	9.74	True	0		
build-a-simple-rust-cli-temperature-238fb32f	238fb32f-9aaf-4a4a-8985-4760272d550d	Build a simple Rust CLI temperature converter between Celsius, Fahrenheit, and Kelvin with colored output and unit tests	4	True	9.66	True	0	8.575001	A-
build-a-simple-rust-cli-temperature-63b3f398	63b3f398-8130-4a3e-bf0d-91cfc1884701	Build a simple Rust CLI temperature converter between Celsius, Fahrenheit, and Kelvin with colored output and unit tests	1	True	9.78	True	0	0.0	B-
build-a-simple-rust-cli-temperature-b985a2de	b985a2de-6e5d-4c1b-ba1a-2719bb48651a	Build a simple Rust CLI temperature converter between Celsius, Fahrenheit, and Kelvin with colored output and unit tests	1	True	9.559999	True	0	0.0	C+
build-a-simple-rust-cli-temperature-fe695344	fe695344-2f1d-4a3e-87fd-f5f2d14bb2dd	Build a simple Rust CLI temperature converter between Celsius, Fahrenheit, and Kelvin with colored output and unit tests	2	True	9.76	True	0		
build-a-simple-rust	9428230a-2556-42dd-9e45-2cd9f10d0870	Build a simple Rust CLI temperature converter between Celsius, Fahrenheit, and Kelvin with colored output and unit tests	2	True	9.559999	True	0		
build-a-terminal-ui-task-manager-7d4014ca	7d4014ca-c924-424f-86b1-c7215675a24d	Build a terminal UI task manager using ratatui with add, list, complete, delete, and JSON storage	2	True	9.8	True	0	6.92	C+
build-a-terminal-ui-task-manager-9944208e	9944208e-4e89-4997-b5fa-76feedde0b29	Build a terminal UI task manager using ratatui with add, list, complete, delete, and JSON storage	2	True	9.78	True	0	6.875	C+
build-a-terminal-ui-task-manager-b1979466	b1979466-fe24-48c3-9c27-46bf1dae4693	Build a terminal UI task manager using ratatui with add, list, complete, delete, and JSON storage	2	True	9.799999	True	0	6.895	C+
build-a-terminal-ui-task-manager-e6e4740a	e6e4740a-7484-4cc3-a226-6fe822e4ab15	Build a terminal UI task manager using ratatui with add, list, complete, delete, and JSON storage	1	True	9.84	True	0	0.0	B-
build-a-terminal-ui	b2702641-4809-4e61-b806-be8125f85bae	Build a terminal UI task manager using ratatui with add, list, complete, delete, and JSON storage	2	True	9.78	True	0		
create-a-high-performance-rust-cli-that-695355d1	695355d1-90c0-49b5-a243-a25944fdf073	Create a high-performance Rust CLI that processes images in parallel (resize, compress, thumbnail) using rayon	1	False	9.68	True	0	0.0	C-
create-a-high-performance-rust	e1fb16d9-8af0-40c5-9834-847b0f7e4231	Create a high-performance Rust CLI that processes images in parallel (resize, compress, thumbnail) using rayon	1	True	9.54	True	0		
create-a-reusable-rust-library-with-00950c21	00950c21-6dad-4697-a57c-55788fe9eb0b	Create a reusable Rust library with date/time utilities: parsing, formatting, relative time, and business day calculations	1	True	9.78	True	0		
create-a-reusable-rust-library-with-08f9f4d4	08f9f4d4-18a7-4852-a389-b6f1ec7d5c19	Create a reusable Rust library with date/time utilities: parsing, formatting, relative time, and business day calculations	1	True	9.76	True	0		
create-a-reusable-rust-library-with-0b59f430	0b59f430-ae9a-47c3-ba7e-7f38775b8137	Create a reusable Rust library with date/time utilities: parsing, formatting, relative time, and business day calculations	1	True	9.42	True	0		
create-a-reusable-rust-library-with-28090633	28090633-adea-4db4-9e84-fce8cfdc2265	Create a reusable Rust library with date/time utilities: parsing, formatting, relative times, business days	5	False	7.4	False	0	4.3500004	D
create-a-reusable-rust-library-with-4a4c6370	4a4c6370-b5a3-42fc-ab68-ca7650466d11	Create a reusable Rust library with date/time utilities: parsing, formatting, relative times, business days	2	True	9.5199995	True	0	0.0	B-
create-a-reusable-rust-library-with-8dd47694	8dd47694-eca4-4edc-9c4d-2db982feba80	Create a reusable Rust library with date/time utilities: parsing, formatting, relative time, and business day calculations	2	True	9.7	True	0		
create-a-reusable-rust-library-with-aea261d9	aea261d9-cf00-427b-9b5a-aaae249e5092	Create a reusable Rust library with date/time utilities: parsing, formatting, relative times, business days	3	True	9.74	True	0	7.7250004	B
create-a-reusable-rust-library-with-b8222226	b8222226-8809-4ae8-ba50-dec2249c61b4	Create a reusable Rust library with date/time utilities: parsing, formatting, relative times, business days	5	False	9.280001	False	0	5.4500003	D
create-a-reusable-rust-library-with-c1fd7c76	c1fd7c76-3d8c-47ef-ae9b-9a032da53b0e	Create a reusable Rust library with date/time utilities: parsing, formatting, relative time, and business day calculations	1	True	9.74	True	0		
create-a-reusable-rust	8cbf4074-163b-4259-bd15-c7d7b0c8283c	Create a reusable Rust library with date/time utilities: parsing, formatting, relative times, business days	2	True	9.24	True	0		
create-a-rust-cli-like-wc-2a8792d7	2a8792d7-d065-48af-b8ba-b6bd0ac980e0	Create a Rust CLI like wc that counts words, lines, and characters in text files with JSON output option	1	True	9.74	True	0	7.5550003	B
create-a-rust-cli-like-wc-38880f0c	38880f0c-d989-4f10-aead-e21e9f93da06	Create a Rust CLI like wc that counts words, lines, and characters in text files with JSON output option	3	True	9.74	True	0	0.0	C+
create-a-rust-cli-like-wc-9fe9cdbb	9fe9cdbb-802c-4f76-b612-75f983f40616	Create a Rust CLI like wc that counts words, lines, and characters in text files with JSON output option	1	True	9.78	True	0	6.925	C+
create-a-rust-cli-like-wc-b41facca	b41facca-8932-4418-a155-911c7f077892	Create a Rust CLI like wc that counts words, lines, and characters in text files with JSON output option	1	True	9.66	True	0	7.025	B-
create-a-rust-cli	a2568f31-e05b-455e-afd5-f2605edb35de	Create a Rust CLI like wc that counts words, lines, and characters in text files with JSON output option	1	True	9.679999	True	0		
generate-a-complete-saas-starter-kit-46207eca	46207eca-dc1b-4edd-9f5b-05aa4fe38b3d	Generate a complete SaaS starter kit in Rust (Axum) + Next.js 15 with auth, multi-tenancy, and billing stubs	5	False	9.339999	False	0	0.0	D
generate-a-complete-saas	55499003-9eb2-4f55-b467-8011580af4f5	Generate a complete SaaS starter kit in Rust (Axum) + Next.js 15 with auth, multi-tenancy, and billing stubs	5	False	8.8	False	0		
hi-there-i-am	98b32e0a-4c45-4c16-b21a-689f03e13fb3	hi there! I am David and i have a dream! Help me build the perfect persoanl secretery - she will be powered by qwen 3 8b - she should be able to give the current time.	1	True	9.78	True	0		
implement-a-lightweight-distri	a25f83fb-5a33-4edc-96bb-8cc7bf58a163	Implement a lightweight distributed message queue in Rust with persistent storage and exactly-once delivery	5	False	9.1	False	0		
implement-a-lightweight-distributed-mess-c039567a	c039567a-cfa5-439b-b41c-c797f77461d5	Implement a lightweight distributed message queue in Rust with persistent storage and exactly-once delivery	5	False	9.58	False	0	0.0	D
implement-a-secure-cli-file-encryptordec-138a0de1	138a0de1-3184-4f83-b4a9-e7a693bc8de1	Implement a secure CLI file encryptor/decryptor using ChaCha20-Poly1305 + Argon2 key derivation	4	True	9.54	True	0	6.375	C
implement-a-secure-cli-file-encryptordec-7953e51b	7953e51b-9a47-4cdc-88c1-6ecbc2ad1f84	Implement a secure CLI file encryptor/decryptor using ChaCha20-Poly1305 + Argon2 key derivation	2	True	9.76	True	0	6.3	C
implement-a-secure-cli-file-encryptordec-de74a268	de74a268-3155-4e42-bfa0-b8af67bfa00c	Implement a secure CLI file encryptor/decryptor using ChaCha20-Poly1305 + Argon2 key derivation	5	False	9.76	False	0	0.0	D
implement-a-secure-cli-file-encryptordec-f07493ba	f07493ba-cece-4504-9bd6-a4ff106104f1	Implement a secure CLI file encryptor/decryptor using ChaCha20-Poly1305 + Argon2 key derivation	4	True	9.24	True	0	7.3700004	B-
implement-a-secure-cli	b63149c2-4101-481a-a12a-1d80fa4971a1	Implement a secure CLI file encryptor/decryptor using ChaCha20-Poly1305 + Argon2 key derivation	5	False	9.280001	False	0		
