task	lang	verdict	detail	seconds
q56/Q01	rust	GREEN		0.70
q56/Q02	rust	GREEN		0.50
q56/Q03	rust	GREEN		0.62
q56/Q04	rust	GREEN		0.79
q56/Q05	rust	UNVERIFIED	acceptance:nothing-to-run	0.97
q56/Q06	rust	GREEN		0.57
q56/Q07	rust	GREEN		1.02
q56/Q08	rust	GREEN		0.66
q56/Q09	rust	GREEN		0.79
q56/Q10	rust	GREEN		0.72
q56/Q11	rust	UNVERIFIED	acceptance:nothing-to-run	0.49
q56/Q12	rust	GREEN		0.80
q56/Q13	python	GREEN		0.85
q56/Q14	python	GREEN		0.83
q56/Q15	python	GREEN		0.88
q56/Q16	python	GREEN		0.82
q56/Q17	python	GREEN		0.83
q56/Q18	python	GREEN		0.79
q56/Q19	python	GREEN		0.80
q56/Q20	python	GREEN		0.81
q56/Q21	python	GREEN		0.83
q56/Q22	python	GREEN		0.78
q56/Q23	python	GREEN		0.77
q56/Q24	python	GREEN		0.81
q56/Q25	python	GREEN		0.78
q56/Q26	node	GREEN		0.08
q56/Q27	node	GREEN		0.08
q56/Q28	node	GREEN		0.08
q56/Q29	node	GREEN		0.08
q56/Q30	node	GREEN		0.08
q56/Q31	node	GREEN		0.07
q56/Q32	node	GREEN		0.08
q56/Q33	node	GREEN		0.08
q56/Q34	node	GREEN		0.09
q56/Q35	typescript	GREEN		0.12
q56/Q36	typescript	GREEN		0.11
q56/Q37	typescript	GREEN		0.11
q56/Q38	typescript	GREEN		0.11
q56/Q39	typescript	GREEN		0.12
q56/Q40	typescript	GREEN		0.12
q56/Q41	typescript	GREEN		0.13
q56/Q42	typescript	GREEN		0.12
q56/Q43	shell	UNVERIFIED	acceptance:nothing-to-run	0.02
q56/Q44	shell	UNVERIFIED	acceptance:nothing-to-run	0.02
q56/Q45	shell	UNVERIFIED	acceptance:nothing-to-run	0.02
q56/Q46	shell	UNVERIFIED	acceptance:nothing-to-run	0.02
q56/Q47	shell	UNVERIFIED	acceptance:nothing-to-run	0.02
q56/Q48	shell	UNVERIFIED	acceptance:nothing-to-run	0.02
q56/Q49	shell	UNVERIFIED	acceptance:nothing-to-run	0.02
q56/Q50	shell	UNVERIFIED	acceptance:nothing-to-run	0.02
q56/Q51	python	GREEN		0.77
q56/Q52	rust	UNVERIFIED	acceptance:nothing-to-run	0.43
q56/Q53	node	GREEN		0.08
q56/Q54	python	GREEN		0.76
q56/Q55	typescript	GREEN		0.14
q56/Q56	rust	GREEN		0.52
k/finish_the_cancelled_status	python	GREEN		0.94
k/round_at_the_line_not_the_total	python	GREEN		0.83
k/trace_dropped_samples	python	GREEN		0.78
od/apply_the_seat_limit_to_every_invite_path	python	GREEN		0.74
od/count_the_partial_refund	python	GREEN		0.79
od/expire_the_trial_everywhere	python	GREEN		0.77
od/honour_the_do_not_contact_flag	python	GREEN		0.78
od/quote_the_new_tax_region	python	GREEN		0.83
od/redact_the_token_in_every_sink	python	GREEN		0.83
od/retire_the_legacy_sku_prefix	python	GREEN		0.81
od/the_backoff_is_linear	python	GREEN		0.76
od/the_billable_weight_is_not_rounded_up	python	GREEN		0.79
od/the_discounts_stack_past_the_cap	python	GREEN		0.77
od/the_export_drops_the_last_page	python	GREEN		0.75
od/the_holiday_table_is_keyed_by_the_wrong_year	python	GREEN		0.75
od/the_import_creates_a_second_customer	python	GREEN		0.79
od/the_median_of_an_even_list	python	GREEN		0.77
od/the_override_never_reaches_the_worker	python	GREEN		0.75
od/the_password_rule_counts_bytes	python	GREEN		0.76
od/the_percentile_takes_the_wrong_index	python	GREEN		0.75
od/the_pressure_alerts_never_stop	python	GREEN		0.76
od/the_prorate_assumes_a_thirty_day_month	python	GREEN		0.75
od/the_retry_budget_never_resets	python	GREEN		0.76
od/the_slug_collides_after_truncation	python	GREEN		0.74
od/the_sort_is_lexicographic	python	GREEN		0.76
od/the_yen_total_is_off_by_a_hundred	python	GREEN		0.77
od/treat_the_archived_project_as_read_only	python	GREEN		0.72
